UboatName,TypeOfUboat,Commissioned,Fate_Date,Days_in_service
U-8,IIB,1935-01-01,1945-05-05,3777
U-14,IIB,1935-01-01,1945-05-05,3777
U-17,IIB,1935-01-01,1945-05-05,3777
U-11,IIB,1935-01-01,1945-05-03,3775
U-19,IIB,1935-01-01,1944-09-11,3541
U-18,IIB,1935-01-01,1944-08-25,3524
U-9,IIB,1935-01-01,1944-08-20,3519
U-6,IIA,1935-01-01,1944-08-07,3506
U-3,IIA,1935-01-01,1944-08-01,3500
U-4,IIA,1935-01-01,1944-08-01,3500
U-10,IIB,1935-01-01,1944-08-01,3500
U-29,VIIA,1936-01-01,1945-05-05,3412
U-30,VIIA,1936-01-01,1945-05-05,3412
U-2,IIA,1935-01-01,1944-04-08,3385
U-7,IIB,1935-01-01,1944-02-18,3335
U-21,IIB,1936-01-01,1945-02-01,3319
U-20,IIB,1936-01-01,1944-09-10,3175
U-23,IIB,1936-01-01,1944-09-10,3175
U-24,IIB,1936-01-01,1944-08-25,3159
U-5,IIA,1935-01-01,1943-03-19,2999
U-28,VIIA,1936-01-01,1944-03-17,2998
U-34,VIIA,1936-01-01,1943-08-05,2773
U-37,IXA,1938-01-01,1945-05-08,2684
U-38,IXA,1938-01-01,1945-05-05,2681
U-46,VIIB,1938-01-01,1945-05-05,2681
U-56,IIC,1938-01-01,1945-05-03,2679
U-57,IIC,1938-01-01,1945-05-03,2679
U-58,IIC,1938-01-01,1945-05-03,2679
U-59,IIC,1938-01-01,1945-05-03,2679
U-60,IIC,1939-01-01,1945-05-05,2316
U-61,IIC,1939-01-01,1945-05-05,2316
U-62,IIC,1939-01-01,1945-05-05,2316
U-48,VIIB,1939-01-01,1945-05-03,2314
U-52,VIIB,1939-01-01,1945-05-03,2314
U-143,IID,1940-01-01,1945-12-22,2182
U-145,IID,1940-01-01,1945-12-22,2182
U-149,IID,1940-01-01,1945-12-21,2181
U-150,IID,1940-01-01,1945-12-21,2181
U-13,IIB,1935-01-01,1940-05-31,1977
U-120,IIB,1940-01-01,1945-05-05,1951
U-121,IIB,1940-01-01,1945-05-05,1951
U-137,IID,1940-01-01,1945-05-05,1951
U-139,IID,1940-01-01,1945-05-05,1951
U-140,IID,1940-01-01,1945-05-05,1951
U-141,IID,1940-01-01,1945-05-05,1951
U-142,IID,1940-01-01,1945-05-05,1951
U-146,IID,1940-01-01,1945-05-05,1951
U-148,IID,1940-01-01,1945-05-05,1951
U-151,IID,1940-01-01,1945-05-05,1951
U-152,IID,1940-01-01,1945-05-05,1951
U-552,VIIC,1940-01-01,1945-05-05,1951
U-554,VIIC,1940-01-01,1945-05-05,1951
U-101,VIIB,1940-01-01,1945-05-03,1949
U-103,IXB,1940-01-01,1945-05-03,1949
U-555,VIIC,1940-01-01,1945-05-03,1949
U-71,VIIC,1940-01-01,1945-05-02,1948
U-78,VIIC,1940-01-01,1945-04-16,1932
U-1,IIA,1935-01-01,1940-04-06,1922
U-72,VIIC,1940-01-01,1945-03-30,1915
U-96,VIIC,1940-01-01,1945-03-30,1915
U-181,IXD2,1941-01-01,1946-02-12,1868
U-155,IXC,1941-01-01,1945-12-21,1815
U-218,VIID,1941-01-01,1945-12-05,1799
U-31,VIIA,1936-01-01,1940-11-02,1767
U-12,IIB,1935-01-01,1939-10-08,1741
U-123,IXB,1940-01-01,1944-08-19,1692
U-107,IXB,1940-01-01,1944-08-18,1691
U-25,IA,1936-01-01,1940-08-02,1675
U-511,IXC,1941-01-01,1945-08-01,1673
U-43,IXA,1939-01-01,1943-07-30,1671
U-26,IA,1936-01-01,1940-07-01,1643
U-255,VIIC,1941-01-01,1945-05-17,1597
U-516,IXC,1941-01-01,1945-05-14,1594
U-510,IXC,1941-01-01,1945-05-10,1590
U-66,IXC,1940-01-01,1944-05-06,1587
U-351,VIIC,1941-01-01,1945-05-05,1585
U-579,VIIC,1941-01-01,1945-05-05,1585
U-708,VIIC,1941-01-01,1945-05-05,1585
U-560,VIIC,1941-01-01,1945-05-03,1583
U-704,VIIC,1941-01-01,1945-04-30,1580
U-251,VIIC,1941-01-01,1945-04-19,1569
U-108,IXB,1940-01-01,1944-04-11,1562
U-68,IXC,1940-01-01,1944-04-10,1561
U-22,IIB,1936-01-01,1940-03-27,1547
U-33,VIIA,1936-01-01,1940-02-12,1503
U-15,IIB,1936-01-01,1940-01-30,1490
U-73,VIIB,1940-01-01,1943-12-16,1445
U-36,VIIA,1936-01-01,1939-12-04,1433
U-170,IXC/40,1942-01-01,1945-11-30,1429
U-35,VIIA,1936-01-01,1939-11-29,1428
U-80,VIIC,1941-01-01,1944-11-28,1427
U-32,VIIA,1937-01-01,1940-10-30,1398
U-16,IIB,1936-01-01,1939-10-25,1393
U-256,VIIC,1941-01-01,1944-10-23,1391
U-402,VIIC,1940-01-01,1943-10-13,1381
U-168,IXC/40,1941-01-01,1944-10-06,1374
U-437,VIIC,1941-01-01,1944-10-05,1373
U-565,VIIC,1941-01-01,1944-09-30,1368
U-596,VIIC,1941-01-01,1944-09-30,1368
U-27,VIIA,1936-01-01,1939-09-20,1358
U-407,VIIC,1941-01-01,1944-09-19,1357
U-703,VIIC,1941-01-01,1944-09-16,1354
U-178,IXD2,1941-01-01,1944-08-25,1332
U-180,IXD1,1941-01-01,1944-08-23,1330
U-129,IXC,1941-01-01,1944-08-18,1325
U-608,VIIC,1941-01-01,1944-08-10,1317
U-219,XB,1942-01-01,1945-08-04,1311
U-106,IXB,1940-01-01,1943-08-02,1309
U-333,VIIC,1941-01-01,1944-07-31,1307
U-214,VIID,1941-01-01,1944-07-26,1302
U-558,VIIC,1940-01-01,1943-07-20,1296
U-67,IXC,1940-01-01,1943-07-16,1292
U-530,IXC/40,1942-01-01,1945-07-10,1286
U-586,VIIC,1941-01-01,1944-07-05,1281
U-126,IXC,1940-01-01,1943-07-03,1279
U-154,IXC,1941-01-01,1944-07-03,1279
U-441,VIIC,1941-01-01,1944-06-30,1276
U-97,VIIC,1940-01-01,1943-06-16,1262
U-373,VIIC,1941-01-01,1944-06-08,1254
U-505,IXC,1941-01-01,1944-06-04,1250
U-105,IXB,1940-01-01,1943-06-02,1248
U-453,VIIC,1941-01-01,1944-05-21,1236
U-963,VIIC,1942-01-01,1945-05-20,1235
U-190,IXC/40,1942-01-01,1945-05-14,1229
U-532,IXC/40,1942-01-01,1945-05-13,1228
U-739,VIIC,1942-01-01,1945-05-13,1228
U-956,VIIC,1942-01-01,1945-05-13,1228
U-802,IXC/40,1942-01-01,1945-05-11,1226
U-278,VIIC,1942-01-01,1945-05-09,1224
U-363,VIIC,1942-01-01,1945-05-09,1224
U-539,IXC/40,1942-01-01,1945-05-09,1224
U-637,VIIC,1942-01-01,1945-05-09,1224
U-668,VIIC,1942-01-01,1945-05-09,1224
U-712,VIIC,1942-01-01,1945-05-09,1224
U-953,VIIC,1942-01-01,1945-05-09,1224
U-125,IXC,1940-01-01,1943-05-06,1221
U-236,VIIC,1942-01-01,1945-05-05,1220
U-267,VIIC,1942-01-01,1945-05-05,1220
U-339,VIIC,1942-01-01,1945-05-05,1220
U-382,VIIC,1942-01-01,1945-05-05,1220
U-534,IXC/40,1942-01-01,1945-05-05,1220
U-733,VIIC,1942-01-01,1945-05-05,1220
U-109,IXB,1940-01-01,1943-05-04,1219
U-371,VIIC,1941-01-01,1944-05-04,1219
U-711,VIIC,1942-01-01,1945-05-04,1219
U-276,VIIC,1942-01-01,1945-05-03,1218
U-446,VIIC,1942-01-01,1945-05-03,1218
U-958,VIIC,1942-01-01,1945-05-03,1218
U-195,IXD1,1942-01-01,1945-05-02,1217
U-612,VIIC,1942-01-01,1945-05-01,1216
U-307,VIIC,1942-01-01,1945-04-29,1214
U-183,IXC/40,1942-01-01,1945-04-23,1208
U-81,VIIC,1941-01-01,1944-04-22,1207
U-518,IXC,1942-01-01,1945-04-22,1207
U-636,VIIC,1942-01-01,1945-04-21,1206
U-235,VIIC,1942-01-01,1945-04-14,1199
U-515,IXC,1941-01-01,1944-04-09,1194
U-843,IXC/40,1942-01-01,1945-04-09,1194
U-455,VIIC,1941-01-01,1944-04-05,1190
U-237,VIIC,1942-01-01,1945-04-04,1189
U-124,IXB,1940-01-01,1943-04-02,1187
U-262,VIIC,1942-01-01,1945-04-02,1187
U-355,VIIC,1941-01-01,1944-04-01,1186
U-77,VIIC,1940-01-01,1943-03-29,1183
U-758,VIIC,1942-01-01,1945-03-16,1170
U-653,VIIC,1941-01-01,1944-03-15,1169
U-714,VIIC,1942-01-01,1945-03-14,1168
U-575,VIIC,1941-01-01,1944-03-13,1167
U-260,VIIC,1942-01-01,1945-03-12,1166
U-380,VIIC,1941-01-01,1944-03-11,1165
U-410,VIIC,1941-01-01,1944-03-11,1165
U-275,VIIC,1942-01-01,1945-03-10,1164
U-47,VIIB,1938-01-01,1941-03-07,1161
U-91,VIIC,1941-01-01,1944-02-26,1151
U-601,VIIC,1941-01-01,1944-02-25,1150
U-257,VIIC,1941-01-01,1944-02-24,1149
U-603,VIIC,1941-01-01,1944-02-19,1144
U-69,VIIC,1940-01-01,1943-02-17,1143
U-201,VIIC,1940-01-01,1943-02-17,1143
U-406,VIIC,1941-01-01,1944-02-18,1143
U-425,VIIC,1942-01-01,1945-02-17,1143
U-309,VIIC,1942-01-01,1945-02-16,1142
U-177,IXD2,1941-01-01,1944-02-06,1131
U-592,VIIC,1941-01-01,1944-01-31,1125
U-571,VIIC,1941-01-01,1944-01-28,1122
U-553,VIIC,1940-01-01,1943-01-20,1115
U-377,VIIC,1941-01-01,1944-01-17,1111
U-650,VIIC,1942-01-01,1945-01-07,1102
U-757,VIIC,1941-01-01,1944-01-08,1102
U-735,VIIC,1942-01-01,1944-12-28,1092
U-737,VIIC,1942-01-01,1944-12-19,1083
U-172,IXC,1941-01-01,1943-12-13,1076
U-416,VIIC,1942-01-01,1944-12-12,1076
U-593,VIIC,1941-01-01,1943-12-13,1076
U-387,VIIC,1942-01-01,1944-12-09,1073
U-196,IXD2,1942-01-01,1944-12-01,1065
U-86,VIIB,1941-01-01,1943-11-29,1062
U-600,VIIC,1941-01-01,1943-11-25,1058
U-331,VIIC,1940-01-01,1942-11-17,1051
U-98,VIIC,1940-01-01,1942-11-15,1049
U-508,IXC,1941-01-01,1943-11-12,1045
U-537,IXC/40,1942-01-01,1944-11-10,1044
U-707,VIIC,1941-01-01,1943-11-09,1042
U-405,VIIC,1941-01-01,1943-11-01,1034
U-584,VIIC,1941-01-01,1943-10-31,1033
U-566,VIIC,1941-01-01,1943-10-24,1026
U-957,VIIC,1942-01-01,1944-10-21,1024
U-431,VIIC,1941-01-01,1943-10-21,1023
U-378,VIIC,1941-01-01,1943-10-20,1022
U-610,VIIC,1941-01-01,1943-10-08,1010
U-228,VIIC,1942-01-01,1944-10-05,1008
U-92,VIIC,1942-01-01,1944-10-04,1007
U-336,VIIC,1941-01-01,1943-10-05,1007
U-460,XIV,1941-01-01,1943-10-04,1006
U-161,IXC,1941-01-01,1943-09-27,999
U-362,VIIC,1942-01-01,1944-09-05,978
U-94,VIIC,1940-01-01,1942-08-28,970
U-134,VIIC,1941-01-01,1943-08-27,968
U-667,VIIC,1942-01-01,1944-08-26,968
U-188,IXC/40,1942-01-01,1944-08-25,967
U-354,VIIC,1942-01-01,1944-08-24,966
U-445,VIIC,1942-01-01,1944-08-24,966
U-458,VIIC,1941-01-01,1943-08-22,963
U-51,VIIB,1938-01-01,1940-08-20,962
U-413,VIIC,1942-01-01,1944-08-20,962
U-466,VIIC,1942-01-01,1944-08-19,961
U-621,VIIC,1942-01-01,1944-08-18,960
U-403,VIIC,1941-01-01,1943-08-18,959
U-977,VIIC,1943-01-01,1945-08-17,959
U-618,VIIC,1942-01-01,1944-08-14,956
U-270,VIIC,1942-01-01,1944-08-13,955
U-198,IXD2,1942-01-01,1944-08-12,954
U-230,VIIC,1942-01-01,1944-08-12,954
U-385,VIIC,1942-01-01,1944-08-11,953
U-604,VIIC,1941-01-01,1943-08-11,952
U-84,VIIB,1941-01-01,1943-08-07,948
U-117,XB,1941-01-01,1943-08-07,948
U-736,VIIC,1942-01-01,1944-08-06,948
U-671,VIIC,1942-01-01,1944-08-04,946
U-572,VIIC,1941-01-01,1943-08-03,944
U-862,IXD2,1943-01-01,1945-08-02,944
U-952,VIIC,1942-01-01,1944-08-02,944
U-706,VIIC,1941-01-01,1943-08-02,943
U-454,VIIC,1941-01-01,1943-08-01,942
U-461,XIV,1941-01-01,1943-07-30,940
U-462,XIV,1941-01-01,1943-07-30,940
U-504,IXC,1941-01-01,1943-07-30,940
U-591,VIIC,1941-01-01,1943-07-30,940
U-159,IXC,1941-01-01,1943-07-28,938
U-404,VIIC,1941-01-01,1943-07-28,938
U-375,VIIC,1941-01-01,1943-07-25,935
U-459,XIV,1941-01-01,1943-07-24,934
U-598,VIIC,1941-01-01,1943-07-23,933
U-212,VIIC,1942-01-01,1944-07-21,932
U-513,IXC,1941-01-01,1943-07-19,929
U-361,VIIC,1942-01-01,1944-07-17,928
U-751,VIIC,1940-01-01,1942-07-17,928
U-135,VIIC,1941-01-01,1943-07-15,925
U-415,VIIC,1942-01-01,1944-07-14,925
U-509,IXC,1941-01-01,1943-07-15,925
U-160,IXC,1941-01-01,1943-07-14,924
U-153,IXC,1941-01-01,1943-07-13,923
U-607,VIIC,1941-01-01,1943-07-13,923
U-409,VIIC,1941-01-01,1943-07-12,922
U-506,IXC,1941-01-01,1943-07-12,922
U-561,VIIC,1941-01-01,1943-07-12,922
U-435,VIIC,1941-01-01,1943-07-09,919
U-590,VIIC,1941-01-01,1943-07-09,919
U-514,IXC,1941-01-01,1943-07-08,918
U-642,VIIC,1942-01-01,1944-07-05,916
U-269,VIIC,1942-01-01,1944-06-25,906
U-423,VIIC,1942-01-01,1944-06-17,898
U-334,VIIC,1941-01-01,1943-06-14,894
U-564,VIIC,1941-01-01,1943-06-14,894
U-715,VIIC,1942-01-01,1944-06-13,894
U-490,XIV,1942-01-01,1944-06-12,893
U-118,XB,1941-01-01,1943-06-12,892
U-740,VIIC,1942-01-01,1944-06-08,889
U-629,VIIC,1942-01-01,1944-06-07,888
U-955,VIIC,1942-01-01,1944-06-07,888
U-217,VIID,1941-01-01,1943-06-05,885
U-594,VIIC,1941-01-01,1943-06-05,885
U-202,VIIC,1941-01-01,1943-06-02,882
U-440,VIIC,1941-01-01,1943-05-31,880
U-563,VIIC,1941-01-01,1943-05-31,880
U-755,VIIC,1941-01-01,1943-05-28,877
U-436,VIIC,1941-01-01,1943-05-26,875
U-979,VIIC,1943-01-01,1945-05-24,874
U-752,VIIC,1941-01-01,1943-05-23,872
U-569,VIIC,1941-01-01,1943-05-22,871
U-234,XB,1943-01-01,1945-05-19,869
U-258,VIIC,1941-01-01,1943-05-20,869
U-960,VIIC,1942-01-01,1944-05-19,869
U-616,VIIC,1942-01-01,1944-05-17,867
U-1228,IXC/40,1943-01-01,1945-05-17,867
U-128,IXC,1941-01-01,1943-05-17,866
U-287,VIIC,1943-01-01,1945-05-16,866
U-657,VIIC,1941-01-01,1943-05-17,866
U-873,IXD2,1943-01-01,1945-05-16,866
U-240,VIIC,1943-01-01,1945-05-15,865
U-463,XIV,1941-01-01,1943-05-16,865
U-731,VIIC,1942-01-01,1944-05-15,865
U-805,IXC/40,1943-01-01,1945-05-15,865
U-901,VIIC,1943-01-01,1945-05-15,865
U-176,IXC,1941-01-01,1943-05-15,864
U-244,VIIC,1943-01-01,1945-05-14,864
U-764,VIIC,1943-01-01,1945-05-14,864
U-858,IXC/40,1943-01-01,1945-05-14,864
U-1005,VIIC/41,1943-01-01,1945-05-14,864
U-1231,IXC/40,1943-01-01,1945-05-13,863
U-541,IXC/40,1943-01-01,1945-05-12,862
U-753,VIIC,1941-01-01,1943-05-13,862
U-89,VIIC,1941-01-01,1943-05-12,861
U-293,VIIC/41,1943-01-01,1945-05-11,861
U-456,VIIC,1941-01-01,1943-05-12,861
U-249,VIIC,1943-01-01,1945-05-10,860
U-1272,VIIC/41,1943-01-01,1945-05-10,860
U-245,VIIC,1943-01-01,1945-05-09,859
U-281,VIIC,1943-01-01,1945-05-09,859
U-294,VIIC/41,1943-01-01,1945-05-09,859
U-295,VIIC/41,1943-01-01,1945-05-09,859
U-298,VIIC/41,1943-01-01,1945-05-09,859
U-299,VIIC/41,1943-01-01,1945-05-09,859
U-310,VIIC,1943-01-01,1945-05-09,859
U-312,VIIC,1943-01-01,1945-05-09,859
U-313,VIIC,1943-01-01,1945-05-09,859
U-315,VIIC,1943-01-01,1945-05-09,859
U-318,VIIC/41,1943-01-01,1945-05-09,859
U-369,VIIC,1943-01-01,1945-05-09,859
U-427,VIIC,1943-01-01,1945-05-09,859
U-481,VIIC,1943-01-01,1945-05-09,859
U-483,VIIC,1943-01-01,1945-05-09,859
U-677,VIIC,1943-01-01,1945-05-09,859
U-716,VIIC,1943-01-01,1945-05-09,859
U-773,VIIC,1943-01-01,1945-05-09,859
U-775,VIIC,1943-01-01,1945-05-09,859
U-861,IXD2,1943-01-01,1945-05-09,859
U-868,IXC/40,1943-01-01,1945-05-09,859
U-874,IXD2,1943-01-01,1945-05-09,859
U-875,IXD2,1943-01-01,1945-05-09,859
U-926,VIIC,1943-01-01,1945-05-09,859
U-968,VIIC,1943-01-01,1945-05-09,859
U-975,VIIC,1943-01-01,1945-05-09,859
U-978,VIIC,1943-01-01,1945-05-09,859
U-991,VIIC,1943-01-01,1945-05-09,859
U-992,VIIC,1943-01-01,1945-05-09,859
U-994,VIIC,1943-01-01,1945-05-09,859
U-995,VIIC/41,1943-01-01,1945-05-09,859
U-997,VIIC/41,1943-01-01,1945-05-09,859
U-1002,VIIC/41,1943-01-01,1945-05-09,859
U-1004,VIIC/41,1943-01-01,1945-05-09,859
U-1061,VIIF,1943-01-01,1945-05-09,859
U-1104,VIIC/41,1943-01-01,1945-05-09,859
U-1163,VIIC/41,1943-01-01,1945-05-09,859
U-1165,VIIC/41,1943-01-01,1945-05-09,859
U-1171,VIIC/41,1943-01-01,1945-05-09,859
U-1194,VIIC,1943-01-01,1945-05-09,859
U-1202,VIIC,1943-01-01,1945-05-09,859
U-1203,VIIC,1943-01-01,1945-05-09,859
U-1271,VIIC/41,1943-01-01,1945-05-09,859
U-1301,VIIC/41,1943-01-01,1945-05-09,859
U-320,VIIC/41,1943-01-01,1945-05-08,858
U-1198,VIIC,1943-01-01,1945-05-08,858
U-209,VIIC,1941-01-01,1943-05-07,856
U-806,IXC/40,1943-01-01,1945-05-06,856
U-853,IXC/40,1943-01-01,1945-05-06,856
U-1008,VIIC/41,1943-01-01,1945-05-06,856
U-290,VIIC,1943-01-01,1945-05-05,855
U-291,VIIC,1943-01-01,1945-05-05,855
U-349,VIIC,1943-01-01,1945-05-05,855
U-368,VIIC,1943-01-01,1945-05-05,855
U-370,VIIC,1943-01-01,1945-05-05,855
U-393,VIIC,1943-01-01,1945-05-05,855
U-397,VIIC,1943-01-01,1945-05-05,855
U-428,VIIC,1943-01-01,1945-05-05,855
U-438,VIIC,1941-01-01,1943-05-06,855
U-680,VIIC,1943-01-01,1945-05-05,855
U-717,VIIC,1943-01-01,1945-05-05,855
U-720,VIIC,1943-01-01,1945-05-05,855
U-721,VIIC,1943-01-01,1945-05-05,855
U-746,VIIC,1943-01-01,1945-05-05,855
U-747,VIIC,1943-01-01,1945-05-05,855
U-748,VIIC,1943-01-01,1945-05-05,855
U-750,VIIC,1943-01-01,1945-05-05,855
U-794,XVIIA,1943-01-01,1945-05-05,855
U-903,VIIC,1943-01-01,1945-05-05,855
U-999,VIIC/41,1943-01-01,1945-05-05,855
U-1101,VIIC,1943-01-01,1945-05-05,855
U-1103,VIIC/41,1943-01-01,1945-05-05,855
U-1161,VIIC,1943-01-01,1945-05-05,855
U-1162,VIIC,1943-01-01,1945-05-05,855
U-1193,VIIC,1943-01-01,1945-05-05,855
U-1204,VIIC,1943-01-01,1945-05-05,855
U-1223,IXC/40,1943-01-01,1945-05-05,855
U-1230,IXC/40,1943-01-01,1945-05-05,855
U-1233,IXC/40,1943-01-01,1945-05-05,855
U-792,XVIIA,1943-01-01,1945-05-04,854
U-904,VIIC,1943-01-01,1945-05-04,854
U-1168,VIIC/41,1943-01-01,1945-05-04,854
U-439,VIIC,1941-01-01,1943-05-04,853
U-475,VIIC,1943-01-01,1945-05-03,853
U-659,VIIC,1941-01-01,1943-05-04,853
U-922,VIIC,1943-01-01,1945-05-03,853
U-924,VIIC,1943-01-01,1945-05-03,853
U-1166,VIIC/41,1943-01-01,1945-05-03,853
U-1192,VIIC,1943-01-01,1945-05-03,853
U-1201,VIIC,1943-01-01,1945-05-03,853
U-1205,VIIC,1943-01-01,1945-05-03,853
U-1227,IXC/40,1943-01-01,1945-05-03,853
U-1232,IXC/40,1943-01-01,1945-05-03,853
U-74,VIIB,1940-01-01,1942-05-02,852
U-316,VIIC,1943-01-01,1945-05-02,852
U-959,VIIC,1942-01-01,1944-05-02,852
U-1007,VIIC/41,1943-01-01,1945-05-02,852
U-1170,VIIC/41,1943-01-01,1945-05-02,852
U-1196,VIIC,1943-01-01,1945-05-02,852
U-277,VIIC,1942-01-01,1944-05-01,851
U-1197,VIIC,1943-01-01,1945-05-01,851
U-857,IXC/40,1943-01-01,1945-04-30,850
U-286,VIIC,1943-01-01,1945-04-29,849
U-421,VIIC,1942-01-01,1944-04-29,849
U-332,VIIC,1941-01-01,1943-04-29,848
U-174,IXC,1941-01-01,1943-04-27,846
U-488,XIV,1942-01-01,1944-04-26,846
U-193,IXC/40,1942-01-01,1944-04-24,844
U-203,VIIC,1941-01-01,1943-04-25,844
U-546,IXC/40,1943-01-01,1945-04-24,844
U-548,IXC/40,1943-01-01,1945-04-19,839
U-602,VIIC,1941-01-01,1943-04-19,838
U-342,VIIC,1942-01-01,1944-04-17,837
U-398,VIIC,1943-01-01,1945-04-17,837
U-175,IXC,1941-01-01,1943-04-17,836
U-285,VIIC,1943-01-01,1945-04-15,835
U-448,VIIC,1942-01-01,1944-04-14,834
U-1206,VIIC,1943-01-01,1945-04-14,834
U-396,VIIC,1943-01-01,1945-04-11,831
U-804,IXC/40,1943-01-01,1945-04-09,829
U-982,VIIC,1943-01-01,1945-04-09,829
U-774,VIIC,1943-01-01,1945-04-08,828
U-962,VIIC,1942-01-01,1944-04-08,828
U-1001,VIIC/41,1943-01-01,1945-04-08,828
U-1195,VIIC,1943-01-01,1945-04-07,827
U-302,VIIC,1942-01-01,1944-04-06,826
U-376,VIIC,1941-01-01,1943-04-07,826
U-242,VIIC,1943-01-01,1945-04-05,825
U-749,VIIC,1943-01-01,1945-04-04,824
U-1221,IXC/40,1943-01-01,1945-04-03,823
U-321,VIIC/41,1943-01-01,1945-04-02,822
U-360,VIIC,1942-01-01,1944-04-02,822
U-223,VIIC,1942-01-01,1944-03-30,819
U-348,VIIC,1943-01-01,1945-03-30,819
U-350,VIIC,1943-01-01,1945-03-30,819
U-429,VIIC,1943-01-01,1945-03-30,819
U-430,VIIC,1943-01-01,1945-03-30,819
U-870,IXC/40,1943-01-01,1945-03-30,819
U-965,VIIC,1943-01-01,1945-03-30,819
U-1167,VIIC/41,1943-01-01,1945-03-30,819
U-961,VIIC,1942-01-01,1944-03-29,818
U-1169,VIIC/41,1943-01-01,1945-03-29,818
U-722,VIIC,1943-01-01,1945-03-27,816
U-905,VIIC,1943-01-01,1945-03-27,816
U-399,VIIC,1943-01-01,1945-03-26,815
U-1003,VIIC/41,1943-01-01,1945-03-25,814
U-866,IXC/40,1943-01-01,1945-03-18,807
U-246,VIIC,1943-01-01,1945-03-17,806
U-801,IXC/40,1942-01-01,1944-03-17,806
U-367,VIIC,1943-01-01,1945-03-16,805
U-163,IXC,1941-01-01,1943-03-13,801
U-296,VIIC/41,1943-01-01,1945-03-12,801
U-130,IXC,1941-01-01,1943-03-12,800
U-681,VIIC,1943-01-01,1945-03-11,800
U-343,VIIC,1942-01-01,1944-03-10,799
U-432,VIIC,1941-01-01,1943-03-11,799
U-450,VIIC,1942-01-01,1944-03-10,799
U-625,VIIC,1942-01-01,1944-03-10,799
U-156,IXC,1941-01-01,1943-03-08,796
U-83,VIIB,1941-01-01,1943-03-04,792
U-87,VIIB,1941-01-01,1943-03-04,792
U-358,VIIC,1942-01-01,1944-03-01,790
U-1000,VIIC/41,1943-01-01,1945-03-01,790
U-713,VIIC,1942-01-01,1944-02-24,784
U-761,VIIC,1942-01-01,1944-02-24,784
U-300,VIIC/41,1943-01-01,1945-02-22,783
U-606,VIIC,1941-01-01,1943-02-22,782
U-264,VIIC,1942-01-01,1944-02-19,779
U-386,VIIC,1942-01-01,1944-02-19,779
U-562,VIIC,1941-01-01,1943-02-19,779
U-709,VIIC,1942-01-01,1944-02-19,779
U-205,VIIC,1941-01-01,1943-02-17,777
U-989,VIIC,1943-01-01,1945-02-14,775
U-738,VIIC,1942-01-01,1944-02-14,774
U-676,VIIC,1943-01-01,1945-02-12,773
U-869,IXC/40,1943-01-01,1945-02-11,772
U-424,VIIC,1942-01-01,1944-02-11,771
U-666,VIIC,1942-01-01,1944-02-10,770
U-864,IXD2,1943-01-01,1945-02-09,770
U-923,VIIC,1943-01-01,1945-02-09,770
U-734,VIIC,1942-01-01,1944-02-09,769
U-762,VIIC,1942-01-01,1944-02-08,768
U-609,VIIC,1941-01-01,1943-02-06,766
U-187,IXC/40,1941-01-01,1943-02-04,764
U-745,VIIC,1943-01-01,1945-01-31,761
U-480,VIIC,1943-01-01,1945-01-29,759
U-763,VIIC,1943-01-01,1945-01-29,759
U-271,VIIC,1942-01-01,1944-01-28,757
U-1172,VIIC/41,1943-01-01,1945-01-27,757
U-1199,VIIC,1943-01-01,1945-01-21,751
U-263,VIIC,1942-01-01,1944-01-20,749
U-641,VIIC,1942-01-01,1944-01-19,748
U-248,VIIC,1943-01-01,1945-01-16,746
U-93,VIIC,1940-01-01,1942-01-15,745
U-305,VIIC,1942-01-01,1944-01-16,745
U-231,VIIC,1942-01-01,1944-01-13,742
U-507,IXC,1941-01-01,1943-01-13,742
U-679,VIIC,1943-01-01,1945-01-09,739
U-164,IXC,1941-01-01,1943-01-06,735
U-547,IXC/40,1943-01-01,1944-12-31,730
U-322,VIIC/41,1943-01-01,1944-12-29,728
U-75,VIIB,1940-01-01,1941-12-28,727
U-877,IXC/40,1943-01-01,1944-12-27,726
U-356,VIIC,1941-01-01,1942-12-27,725
U-850,IXD2,1942-01-01,1943-12-20,718
U-772,VIIC,1943-01-01,1944-12-17,716
U-557,VIIC,1940-01-01,1941-12-16,715
U-365,VIIC,1943-01-01,1944-12-13,712
U-645,VIIC,1942-01-01,1943-12-12,710
U-254,VIIC,1941-01-01,1942-12-08,706
U-297,VIIC/41,1943-01-01,1944-12-06,705
U-95,VIIC,1940-01-01,1941-11-28,697
U-479,VIIC,1943-01-01,1944-11-27,696
U-482,VIIC,1943-01-01,1944-11-25,694
U-849,IXD2,1942-01-01,1943-11-25,693
U-648,VIIC,1942-01-01,1943-11-22,690
U-517,IXC,1941-01-01,1942-11-21,689
U-538,IXC/40,1942-01-01,1943-11-21,689
U-536,IXC/40,1942-01-01,1943-11-20,688
U-211,VIIC,1942-01-01,1943-11-19,687
U-173,IXC,1941-01-01,1942-11-16,684
U-985,VIIC,1943-01-01,1944-11-15,684
U-259,VIIC,1941-01-01,1942-11-15,683
U-595,VIIC,1941-01-01,1942-11-14,682
U-605,VIIC,1941-01-01,1942-11-14,682
U-411,VIIC,1941-01-01,1942-11-13,681
U-1200,VIIC,1943-01-01,1944-11-12,681
U-660,VIIC,1941-01-01,1942-11-12,680
U-771,VIIC,1943-01-01,1944-11-11,680
U-226,VIIC,1942-01-01,1943-11-06,674
U-842,IXC/40,1942-01-01,1943-11-06,674
U-408,VIIC,1941-01-01,1942-11-05,673
U-848,IXD2,1942-01-01,1943-11-05,673
U-132,VIIC,1941-01-01,1942-11-04,672
U-340,VIIC,1942-01-01,1943-11-02,670
U-306,VIIC,1942-01-01,1943-10-31,668
U-732,VIIC,1942-01-01,1943-10-31,668
U-559,VIIC,1941-01-01,1942-10-30,667
U-658,VIIC,1941-01-01,1942-10-30,667
U-1060,VIIF,1943-01-01,1944-10-27,665
U-673,VIIC,1943-01-01,1944-10-24,662
U-599,VIIC,1941-01-01,1942-10-24,661
U-1226,IXC/40,1943-01-01,1944-10-23,661
U-274,VIIC,1942-01-01,1943-10-23,660
U-412,VIIC,1941-01-01,1942-10-22,659
U-216,VIID,1941-01-01,1942-10-20,657
U-420,VIIC,1942-01-01,1943-10-20,657
U-540,IXC/40,1942-01-01,1943-10-17,654
U-631,VIIC,1942-01-01,1943-10-17,654
U-841,IXC/40,1942-01-01,1943-10-17,654
U-1006,VIIC/41,1943-01-01,1944-10-16,654
U-353,VIIC,1941-01-01,1942-10-16,653
U-470,VIIC,1942-01-01,1943-10-16,653
U-533,IXC/40,1942-01-01,1943-10-16,653
U-844,IXC/40,1942-01-01,1943-10-16,653
U-964,VIIC,1942-01-01,1943-10-16,653
U-661,VIIC,1941-01-01,1942-10-15,652
U-45,VIIB,1938-01-01,1939-10-14,651
U-40,IXA,1938-01-01,1939-10-13,650
U-597,VIIC,1941-01-01,1942-10-12,649
U-171,IXC,1941-01-01,1942-10-09,646
U-179,IXD2,1941-01-01,1942-10-08,645
U-419,VIIC,1942-01-01,1943-10-08,645
U-643,VIIC,1942-01-01,1943-10-08,645
U-116,XB,1941-01-01,1942-10-06,643
U-111,IXB,1940-01-01,1941-10-04,642
U-582,VIIC,1941-01-01,1942-10-05,642
U-993,VIIC,1943-01-01,1944-10-04,642
U-279,VIIC,1942-01-01,1943-10-04,641
U-389,VIIC,1942-01-01,1943-10-04,641
U-422,VIIC,1942-01-01,1943-10-04,641
U-1062,VIIF,1943-01-01,1944-09-30,638
U-863,IXD2,1943-01-01,1944-09-29,637
U-165,IXC,1941-01-01,1942-09-27,634
U-221,VIIC,1942-01-01,1943-09-27,634
U-871,IXD2,1943-01-01,1944-09-26,634
U-253,VIIC,1941-01-01,1942-09-25,632
U-921,VIIC,1943-01-01,1944-09-24,632
U-859,IXD2,1943-01-01,1944-09-23,631
U-229,VIIC,1942-01-01,1943-09-22,629
U-338,VIIC,1942-01-01,1943-09-20,627
U-867,IXC/40,1943-01-01,1944-09-19,627
U-341,VIIC,1942-01-01,1943-09-19,626
U-457,VIIC,1941-01-01,1942-09-16,623
U-39,IXA,1938-01-01,1939-09-14,621
U-589,VIIC,1941-01-01,1942-09-14,621
U-88,VIIC,1941-01-01,1942-09-12,619
U-617,VIIC,1942-01-01,1943-09-12,619
U-855,IXC/40,1943-01-01,1944-09-11,619
U-484,VIIC,1943-01-01,1944-09-09,617
U-865,IXC/40,1943-01-01,1944-09-09,617
U-760,VIIC,1942-01-01,1943-09-08,615
U-162,IXC,1941-01-01,1942-09-03,610
U-394,VIIC,1943-01-01,1944-09-02,610
U-705,VIIC,1941-01-01,1942-09-03,610
U-247,VIIC,1943-01-01,1944-09-01,609
U-634,VIIC,1942-01-01,1943-08-30,606
U-669,VIIC,1942-01-01,1943-08-30,606
U-639,VIIC,1942-01-01,1943-08-28,604
U-847,IXD2,1942-01-01,1943-08-27,603
U-925,VIIC,1943-01-01,1944-08-25,602
U-523,IXC,1942-01-01,1943-08-25,601
U-766,VIIC,1943-01-01,1944-08-24,601
U-185,IXC/40,1942-01-01,1943-08-24,600
U-344,VIIC,1943-01-01,1944-08-22,599
U-743,VIIC,1943-01-01,1944-08-22,599
U-654,VIIC,1941-01-01,1942-08-22,598
U-1229,IXC/40,1943-01-01,1944-08-20,597
U-197,IXD2,1942-01-01,1943-08-20,596
U-464,XIV,1941-01-01,1942-08-20,596
U-670,VIIC,1942-01-01,1943-08-20,596
U-967,VIIC,1943-01-01,1944-08-19,596
U-741,VIIC,1943-01-01,1944-08-15,592
U-981,VIIC,1943-01-01,1944-08-12,589
U-144,IID,1940-01-01,1941-08-10,587
U-468,VIIC,1942-01-01,1943-08-11,587
U-525,IXC/40,1942-01-01,1943-08-11,587
U-872,IXD2,1943-01-01,1944-08-10,587
U-664,VIIC,1942-01-01,1943-08-09,585
U-379,VIIC,1941-01-01,1942-08-08,584
U-471,VIIC,1943-01-01,1944-08-06,583
U-615,VIIC,1942-01-01,1943-08-07,583
U-969,VIIC,1943-01-01,1944-08-06,583
U-210,VIIC,1941-01-01,1942-08-06,582
U-578,VIIC,1941-01-01,1942-08-06,582
U-372,VIIC,1941-01-01,1942-08-04,580
U-401,VIIC,1940-01-01,1941-08-03,580
U-489,XIV,1942-01-01,1943-08-04,580
U-335,VIIC,1941-01-01,1942-08-03,579
U-984,VIIC,1943-01-01,1944-08-02,579
U-573,VIIC,1941-01-01,1942-08-02,578
U-383,VIIC,1942-01-01,1943-08-01,577
U-199,IXD2,1942-01-01,1943-07-31,576
U-213,VIID,1941-01-01,1942-07-31,576
U-250,VIIC,1943-01-01,1944-07-30,576
U-588,VIIC,1941-01-01,1942-07-31,576
U-754,VIIC,1941-01-01,1942-07-31,576
U-166,IXC,1941-01-01,1942-07-30,575
U-614,VIIC,1942-01-01,1943-07-29,574
U-647,VIIC,1942-01-01,1943-07-28,573
U-359,VIIC,1942-01-01,1943-07-26,571
U-239,VIIC,1943-01-01,1944-07-24,570
U-1164,VIIC/41,1943-01-01,1944-07-24,570
U-90,VIIC,1941-01-01,1942-07-24,569
U-622,VIIC,1942-01-01,1943-07-24,569
U-527,IXC/40,1942-01-01,1943-07-23,568
U-613,VIIC,1942-01-01,1943-07-23,568
U-662,VIIC,1942-01-01,1943-07-21,566
U-672,VIIC,1943-01-01,1944-07-18,564
U-742,VIIC,1943-01-01,1944-07-18,564
U-347,VIIC,1943-01-01,1944-07-17,563
U-319,VIIC/41,1943-01-01,1944-07-15,561
U-576,VIIC,1941-01-01,1942-07-15,560
U-759,VIIC,1942-01-01,1943-07-15,560
U-487,XIV,1942-01-01,1943-07-13,558
U-1222,IXC/40,1943-01-01,1944-07-11,557
U-136,VIIC,1941-01-01,1942-07-11,556
U-232,VIIC,1942-01-01,1943-07-09,554
U-243,VIIC,1943-01-01,1944-07-08,554
U-678,VIIC,1943-01-01,1944-07-06,552
U-701,VIIC,1941-01-01,1942-07-07,552
U-951,VIIC,1942-01-01,1943-07-07,552
U-233,XB,1943-01-01,1944-07-05,551
U-390,VIIC,1943-01-01,1944-07-05,551
U-502,IXC,1941-01-01,1942-07-06,551
U-535,IXC/40,1942-01-01,1943-07-05,550
U-1191,VIIC,1943-01-01,1944-07-03,549
U-215,VIID,1941-01-01,1942-07-03,548
U-543,IXC/40,1943-01-01,1944-07-02,548
U-628,VIIC,1942-01-01,1943-07-03,548
U-478,VIIC,1943-01-01,1944-06-30,546
U-158,IXC,1941-01-01,1942-06-30,545
U-651,VIIC,1940-01-01,1941-06-29,545
U-556,VIIC,1940-01-01,1941-06-27,543
U-998,VIIC/41,1943-01-01,1944-06-27,543
U-317,VIIC/41,1943-01-01,1944-06-26,542
U-719,VIIC,1943-01-01,1944-06-26,542
U-971,VIIC,1943-01-01,1944-06-24,540
U-1225,IXC/40,1943-01-01,1944-06-24,540
U-119,XB,1942-01-01,1943-06-24,539
U-194,IXC/40,1942-01-01,1943-06-24,539
U-200,IXD2,1942-01-01,1943-06-24,539
U-449,VIIC,1942-01-01,1943-06-24,539
U-122,IXB,1939-01-01,1940-06-22,538
U-988,VIIC,1943-01-01,1944-06-22,538
U-388,VIIC,1942-01-01,1943-06-20,535
U-138,IID,1940-01-01,1941-06-18,534
U-767,VIIC,1943-01-01,1944-06-18,534
U-860,IXD2,1943-01-01,1944-06-15,531
U-987,VIIC,1943-01-01,1944-06-15,531
U-157,IXC,1941-01-01,1942-06-13,528
U-980,VIIC,1943-01-01,1944-06-11,527
U-417,VIIC,1942-01-01,1943-06-11,526
U-821,VIIC,1943-01-01,1944-06-10,526
U-970,VIIC,1943-01-01,1944-06-08,524
U-308,VIIC,1942-01-01,1943-06-04,519
U-477,VIIC,1943-01-01,1944-06-03,519
U-1277,VIIC/41,1944-01-01,1945-06-03,519
U-147,IID,1940-01-01,1941-06-02,518
U-521,IXC,1942-01-01,1943-06-02,517
U-652,VIIC,1941-01-01,1942-06-02,517
U-289,VIIC,1943-01-01,1944-05-31,516
U-418,VIIC,1942-01-01,1943-05-30,514
U-549,IXC/40,1943-01-01,1944-05-29,514
U-292,VIIC/41,1943-01-01,1944-05-27,512
U-304,VIIC,1942-01-01,1943-05-28,512
U-568,VIIC,1941-01-01,1942-05-28,512
U-476,VIIC,1943-01-01,1944-05-25,510
U-990,VIIC,1943-01-01,1944-05-25,510
U-414,VIIC,1942-01-01,1943-05-25,509
U-467,VIIC,1942-01-01,1943-05-25,509
U-675,VIIC,1943-01-01,1944-05-24,509
U-303,VIIC,1942-01-01,1943-05-21,505
U-241,VIIC,1943-01-01,1944-05-18,503
U-273,VIIC,1942-01-01,1943-05-19,503
U-954,VIIC,1942-01-01,1943-05-19,503
U-646,VIIC,1942-01-01,1943-05-17,501
U-776,VIIC,1944-01-01,1945-05-16,501
U-182,IXD2,1942-01-01,1943-05-16,500
U-2336,XXIII,1944-01-01,1945-05-15,500
U-266,VIIC,1942-01-01,1943-05-15,499
U-1010,VIIC/41,1944-01-01,1945-05-14,499
U-1015,VIIC/41,1944-01-01,1945-05-14,499
U-1110,VIIC/41,1944-01-01,1945-05-14,499
U-2326,XXIII,1944-01-01,1945-05-14,499
U-640,VIIC,1942-01-01,1943-05-14,498
U-825,VIIC,1944-01-01,1945-05-13,498
U-889,IXC/40,1944-01-01,1945-05-13,498
U-1102,VIIC,1944-01-01,1945-05-13,498
U-1224,IXC/40,1943-01-01,1944-05-13,498
U-485,VIIC,1944-01-01,1945-05-12,497
U-1109,VIIC/41,1944-01-01,1945-05-12,497
U-186,IXC/40,1942-01-01,1943-05-12,496
U-826,VIIC,1944-01-01,1945-05-11,496
U-3008,XXI,1944-01-01,1945-05-11,496
U-528,IXC/40,1942-01-01,1943-05-11,495
U-1009,VIIC/41,1944-01-01,1945-05-10,495
U-1023,VIIC/41,1944-01-01,1945-05-10,495
U-1058,VIIC,1944-01-01,1945-05-10,495
U-1105,VIIC/41,1944-01-01,1945-05-10,495
U-1305,VIIC/41,1944-01-01,1945-05-10,495
U-110,IXB,1940-01-01,1941-05-09,494
U-324,VIIC/41,1944-01-01,1945-05-09,494
U-328,VIIC/41,1944-01-01,1945-05-09,494
U-381,VIIC,1942-01-01,1943-05-10,494
U-778,VIIC,1944-01-01,1945-05-09,494
U-907,VIIC,1944-01-01,1945-05-09,494
U-928,VIIC,1944-01-01,1945-05-09,494
U-930,VIIC/41,1944-01-01,1945-05-09,494
U-1019,VIIC/41,1944-01-01,1945-05-09,494
U-1022,VIIC/41,1944-01-01,1945-05-09,494
U-1052,VIIC,1944-01-01,1945-05-09,494
U-1057,VIIC,1944-01-01,1945-05-09,494
U-1064,VIIC/41,1944-01-01,1945-05-09,494
U-1108,VIIC/41,1944-01-01,1945-05-09,494
U-1307,VIIC/41,1944-01-01,1945-05-09,494
U-2321,XXIII,1944-01-01,1945-05-09,494
U-2322,XXIII,1944-01-01,1945-05-09,494
U-2324,XXIII,1944-01-01,1945-05-09,494
U-2325,XXIII,1944-01-01,1945-05-09,494
U-2328,XXIII,1944-01-01,1945-05-09,494
U-2329,XXIII,1944-01-01,1945-05-09,494
U-2334,XXIII,1944-01-01,1945-05-09,494
U-2335,XXIII,1944-01-01,1945-05-09,494
U-2337,XXIII,1944-01-01,1945-05-09,494
U-2345,XXIII,1944-01-01,1945-05-09,494
U-2348,XXIII,1944-01-01,1945-05-09,494
U-2350,XXIII,1944-01-01,1945-05-09,494
U-2353,XXIII,1944-01-01,1945-05-09,494
U-2354,XXIII,1944-01-01,1945-05-09,494
U-2502,XXI,1944-01-01,1945-05-09,494
U-2506,XXI,1944-01-01,1945-05-09,494
U-2511,XXI,1944-01-01,1945-05-09,494
U-2513,XXI,1944-01-01,1945-05-09,494
U-2518,XXI,1944-01-01,1945-05-09,494
U-2529,XXI,1944-01-01,1945-05-09,494
U-3017,XXI,1944-01-01,1945-05-09,494
U-3514,XXI,1944-01-01,1945-05-09,494
U-3515,XXI,1944-01-01,1945-05-09,494
U-352,VIIC,1941-01-01,1942-05-09,493
U-3030,XXI,1944-01-01,1945-05-08,493
U-3503,XXI,1944-01-01,1945-05-08,493
U-663,VIIC,1942-01-01,1943-05-08,492
U-447,VIIC,1942-01-01,1943-05-07,491
U-473,VIIC,1943-01-01,1944-05-06,491
U-765,VIIC,1943-01-01,1944-05-06,491
U-881,IXC/40,1944-01-01,1945-05-06,491
U-3523,XXI,1944-01-01,1945-05-06,491
U-192,IXC/40,1942-01-01,1943-05-06,490
U-323,VIIC/41,1944-01-01,1945-05-05,490
U-531,IXC/40,1942-01-01,1943-05-06,490
U-630,VIIC,1942-01-01,1943-05-06,490
U-779,VIIC,1944-01-01,1945-05-05,490
U-822,VIIC,1944-01-01,1945-05-05,490
U-827,VIIC/41,1944-01-01,1945-05-05,490
U-828,VIIC/41,1944-01-01,1945-05-05,490
U-883,IXD/42,1944-01-01,1945-05-05,490
U-1016,VIIC/41,1944-01-01,1945-05-05,490
U-1025,VIIC/41,1944-01-01,1945-05-05,490
U-1056,VIIC,1944-01-01,1945-05-05,490
U-1132,VIIC,1944-01-01,1945-05-05,490
U-1207,VIIC,1944-01-01,1945-05-05,490
U-1234,IXC/40,1944-01-01,1945-05-05,490
U-1303,VIIC/41,1944-01-01,1945-05-05,490
U-1304,VIIC/41,1944-01-01,1945-05-05,490
U-1306,VIIC/41,1944-01-01,1945-05-05,490
U-1405,XVIIB,1944-01-01,1945-05-05,490
U-2333,XXIII,1944-01-01,1945-05-05,490
U-2339,XXIII,1944-01-01,1945-05-05,490
U-2341,XXIII,1944-01-01,1945-05-05,490
U-2343,XXIII,1944-01-01,1945-05-05,490
U-2346,XXIII,1944-01-01,1945-05-05,490
U-2347,XXIII,1944-01-01,1945-05-05,490
U-2349,XXIII,1944-01-01,1945-05-05,490
U-2351,XXIII,1944-01-01,1945-05-05,490
U-2352,XXIII,1944-01-01,1945-05-05,490
U-2356,XXIII,1944-01-01,1945-05-05,490
U-2357,XXIII,1944-01-01,1945-05-05,490
U-2358,XXIII,1944-01-01,1945-05-05,490
U-2360,XXIII,1944-01-01,1945-05-05,490
U-2507,XXI,1944-01-01,1945-05-05,490
U-2517,XXI,1944-01-01,1945-05-05,490
U-2522,XXI,1944-01-01,1945-05-05,490
U-2525,XXI,1944-01-01,1945-05-05,490
U-3015,XXI,1944-01-01,1945-05-05,490
U-3022,XXI,1944-01-01,1945-05-05,490
U-3510,XXI,1944-01-01,1945-05-05,490
U-3524,XXI,1944-01-01,1945-05-05,490
U-3526,XXI,1944-01-01,1945-05-05,490
U-4701,XXIII,1944-01-01,1945-05-05,490
U-4702,XXIII,1944-01-01,1945-05-05,490
U-638,VIIC,1942-01-01,1943-05-05,489
U-793,XVIIA,1944-01-01,1945-05-04,489
U-846,IXC/40,1943-01-01,1944-05-04,489
U-2338,XXIII,1944-01-01,1945-05-04,489
U-2503,XXI,1944-01-01,1945-05-04,489
U-795,XVIIA,1944-01-01,1945-05-03,488
U-852,IXD2,1943-01-01,1944-05-03,488
U-876,IXD2,1944-01-01,1945-05-03,488
U-1210,VIIC,1944-01-01,1945-05-03,488
U-1275,VIIC/41,1944-01-01,1945-05-03,488
U-2330,XXIII,1944-01-01,1945-05-03,488
U-2332,XXIII,1944-01-01,1945-05-03,488
U-2355,XXIII,1944-01-01,1945-05-03,488
U-2501,XXI,1944-01-01,1945-05-03,488
U-2504,XXI,1944-01-01,1945-05-03,488
U-2505,XXI,1944-01-01,1945-05-03,488
U-2508,XXI,1944-01-01,1945-05-03,488
U-2512,XXI,1944-01-01,1945-05-03,488
U-2519,XXI,1944-01-01,1945-05-03,488
U-2520,XXI,1944-01-01,1945-05-03,488
U-2521,XXI,1944-01-01,1945-05-03,488
U-2524,XXI,1944-01-01,1945-05-03,488
U-2533,XXI,1944-01-01,1945-05-03,488
U-2534,XXI,1944-01-01,1945-05-03,488
U-3001,XXI,1944-01-01,1945-05-03,488
U-3003,XXI,1944-01-01,1945-05-03,488
U-3004,XXI,1944-01-01,1945-05-03,488
U-3005,XXI,1944-01-01,1945-05-03,488
U-3010,XXI,1944-01-01,1945-05-03,488
U-3012,XXI,1944-01-01,1945-05-03,488
U-3013,XXI,1944-01-01,1945-05-03,488
U-3014,XXI,1944-01-01,1945-05-03,488
U-3023,XXI,1944-01-01,1945-05-03,488
U-3024,XXI,1944-01-01,1945-05-03,488
U-3025,XXI,1944-01-01,1945-05-03,488
U-3026,XXI,1944-01-01,1945-05-03,488
U-3027,XXI,1944-01-01,1945-05-03,488
U-3028,XXI,1944-01-01,1945-05-03,488
U-3029,XXI,1944-01-01,1945-05-03,488
U-3502,XXI,1944-01-01,1945-05-03,488
U-3506,XXI,1944-01-01,1945-05-03,488
U-3507,XXI,1944-01-01,1945-05-03,488
U-3509,XXI,1944-01-01,1945-05-03,488
U-3511,XXI,1944-01-01,1945-05-03,488
U-3513,XXI,1944-01-01,1945-05-03,488
U-3518,XXI,1944-01-01,1945-05-03,488
U-3525,XXI,1944-01-01,1945-05-03,488
U-674,VIIC,1943-01-01,1944-05-02,487
U-2327,XXIII,1944-01-01,1945-05-02,487
U-2359,XXIII,1944-01-01,1945-05-02,487
U-2510,XXI,1944-01-01,1945-05-02,487
U-2526,XXI,1944-01-01,1945-05-02,487
U-2527,XXI,1944-01-01,1945-05-02,487
U-2528,XXI,1944-01-01,1945-05-02,487
U-2531,XXI,1944-01-01,1945-05-02,487
U-2535,XXI,1944-01-01,1945-05-02,487
U-2536,XXI,1944-01-01,1945-05-02,487
U-3002,XXI,1944-01-01,1945-05-02,487
U-3011,XXI,1944-01-01,1945-05-02,487
U-3016,XXI,1944-01-01,1945-05-02,487
U-3018,XXI,1944-01-01,1945-05-02,487
U-3019,XXI,1944-01-01,1945-05-02,487
U-3020,XXI,1944-01-01,1945-05-02,487
U-3021,XXI,1944-01-01,1945-05-02,487
U-3504,XXI,1944-01-01,1945-05-02,487
U-3516,XXI,1944-01-01,1945-05-02,487
U-3517,XXI,1944-01-01,1945-05-02,487
U-3521,XXI,1944-01-01,1945-05-02,487
U-3522,XXI,1944-01-01,1945-05-02,487
U-465,VIIC,1942-01-01,1943-05-02,486
U-929,VIIC/41,1944-01-01,1945-05-01,486
U-1308,VIIC/41,1944-01-01,1945-05-01,486
U-3006,XXI,1944-01-01,1945-05-01,486
U-3009,XXI,1944-01-01,1945-05-01,486
U-3501,XXI,1944-01-01,1945-05-01,486
U-325,VIIC/41,1944-01-01,1945-04-30,485
U-326,VIIC/41,1944-01-01,1945-04-30,485
U-879,IXC/40,1944-01-01,1945-04-30,485
U-1107,VIIC/41,1944-01-01,1945-04-30,485
U-227,VIIC,1942-01-01,1943-04-30,484
U-1017,VIIC/41,1944-01-01,1945-04-29,484
U-65,IXB,1940-01-01,1941-04-28,483
U-803,IXC/40,1943-01-01,1944-04-27,482
U-710,VIIC,1942-01-01,1943-04-24,478
U-1055,VIIC,1944-01-01,1945-04-23,478
U-189,IXC/40,1942-01-01,1943-04-23,477
U-191,IXC/40,1942-01-01,1943-04-23,477
U-311,VIIC,1943-01-01,1944-04-22,477
U-974,VIIC,1943-01-01,1944-04-19,474
U-550,IXC/40,1943-01-01,1944-04-16,471
U-880,IXC/40,1944-01-01,1945-04-16,471
U-1274,VIIC/41,1944-01-01,1945-04-16,471
U-49,VIIB,1939-01-01,1940-04-15,470
U-1063,VIIC/41,1944-01-01,1945-04-15,470
U-1235,IXC/40,1944-01-01,1945-04-15,470
U-64,IXB,1939-01-01,1940-04-13,468
U-85,VIIB,1941-01-01,1942-04-14,468
U-252,VIIC,1941-01-01,1942-04-14,468
U-526,IXC/40,1942-01-01,1943-04-14,468
U-486,VIIC,1944-01-01,1945-04-12,467
U-1024,VIIC/41,1944-01-01,1945-04-12,467
U-878,IXC/40,1944-01-01,1945-04-10,465
U-986,VIIC,1943-01-01,1944-04-10,465
U-1065,VIIC/41,1944-01-01,1945-04-09,464
U-2516,XXI,1944-01-01,1945-04-09,464
U-2509,XXI,1944-01-01,1945-04-08,463
U-2514,XXI,1944-01-01,1945-04-08,463
U-3512,XXI,1944-01-01,1945-04-08,463
U-856,IXC/40,1943-01-01,1944-04-07,462
U-50,VIIB,1939-01-01,1940-04-06,461
U-644,VIIC,1942-01-01,1943-04-07,461
U-76,VIIB,1940-01-01,1941-04-05,460
U-167,IXC/40,1942-01-01,1943-04-06,460
U-632,VIIC,1942-01-01,1943-04-06,460
U-635,VIIC,1942-01-01,1943-04-05,459
U-288,VIIC,1943-01-01,1944-04-03,458
U-3505,XXI,1944-01-01,1945-04-03,458
U-702,VIIC,1941-01-01,1942-03-31,454
U-1131,VIIC,1944-01-01,1945-03-30,454
U-2340,XXIII,1944-01-01,1945-03-30,454
U-585,VIIC,1941-01-01,1942-03-30,453
U-1106,VIIC/41,1944-01-01,1945-03-29,453
U-851,IXD2,1943-01-01,1944-03-27,451
U-169,IXC/40,1942-01-01,1943-03-27,450
U-587,VIIC,1941-01-01,1942-03-27,450
U-976,VIIC,1943-01-01,1944-03-25,449
U-469,VIIC,1942-01-01,1943-03-25,448
U-551,VIIC,1940-01-01,1941-03-23,447
U-655,VIIC,1941-01-01,1942-03-24,447
U-524,IXC,1942-01-01,1943-03-22,445
U-665,VIIC,1942-01-01,1943-03-22,445
U-1059,VIIF,1943-01-01,1944-03-19,443
U-384,VIIC,1942-01-01,1943-03-19,442
U-99,VIIB,1940-01-01,1941-03-17,441
U-100,VIIB,1940-01-01,1941-03-17,441
U-392,VIIC,1943-01-01,1944-03-16,440
U-503,IXC,1941-01-01,1942-03-15,438
U-1021,VIIC/41,1944-01-01,1945-03-14,438
U-44,IXA,1939-01-01,1940-03-13,437
U-133,VIIC,1941-01-01,1942-03-14,437
U-682,VIIC,1944-01-01,1945-03-11,435
U-444,VIIC,1942-01-01,1943-03-11,434
U-845,IXC/40,1943-01-01,1944-03-10,434
U-70,VIIC,1940-01-01,1941-03-07,431
U-633,VIIC,1942-01-01,1943-03-08,431
U-1302,VIIC/41,1944-01-01,1945-03-07,431
U-744,VIIC,1943-01-01,1944-03-06,430
U-973,VIIC,1943-01-01,1944-03-06,430
U-366,VIIC,1943-01-01,1944-03-05,429
U-472,VIIC,1943-01-01,1944-03-04,428
U-3508,XXI,1944-01-01,1945-03-04,428
U-3519,XXI,1944-01-01,1945-03-02,426
U-656,VIIC,1941-01-01,1942-03-01,424
U-1018,VIIC/41,1944-01-01,1945-02-27,423
U-1279,VIIC/41,1944-01-01,1945-02-27,423
U-63,IIC,1939-01-01,1940-02-25,420
U-927,VIIC,1944-01-01,1945-02-24,420
U-1208,VIIC,1944-01-01,1945-02-24,420
U-3007,XXI,1944-01-01,1945-02-24,420
U-53,VIIB,1939-01-01,1940-02-24,419
U-649,VIIC,1942-01-01,1943-02-24,419
U-443,VIIC,1942-01-01,1943-02-23,418
U-522,IXC,1942-01-01,1943-02-23,418
U-225,VIIC,1942-01-01,1943-02-22,417
U-623,VIIC,1942-01-01,1943-02-21,416
U-683,VIIC,1944-01-01,1945-02-20,416
U-1276,VIIC/41,1944-01-01,1945-02-20,416
U-2530,XXI,1944-01-01,1945-02-20,416
U-268,VIIC,1942-01-01,1943-02-19,414
U-2344,XXIII,1944-01-01,1945-02-18,414
U-1273,VIIC/41,1944-01-01,1945-02-17,413
U-1278,VIIC/41,1944-01-01,1945-02-17,413
U-1053,VIIC,1944-01-01,1945-02-15,411
U-529,IXC/40,1942-01-01,1943-02-15,410
U-54,VIIB,1939-01-01,1940-02-13,408
U-620,VIIC,1942-01-01,1943-02-13,408
U-442,VIIC,1942-01-01,1943-02-12,407
U-283,VIIC,1943-01-01,1944-02-11,406
U-545,IXC/40,1943-01-01,1944-02-10,405
U-238,VIIC,1943-01-01,1944-02-09,404
U-624,VIIC,1942-01-01,1943-02-07,402
U-82,VIIC,1941-01-01,1942-02-06,401
U-41,IXA,1939-01-01,1940-02-05,400
U-1014,VIIC/41,1944-01-01,1945-02-04,400
U-327,VIIC/41,1944-01-01,1945-02-03,399
U-854,IXC/40,1943-01-01,1944-02-04,399
U-265,VIIC,1942-01-01,1943-02-03,398
U-581,VIIC,1941-01-01,1942-02-02,397
U-3520,XXI,1944-01-01,1945-01-31,396
U-519,IXC,1942-01-01,1943-01-31,395
U-55,VIIB,1939-01-01,1940-01-30,394
U-314,VIIC,1943-01-01,1944-01-30,394
U-364,VIIC,1943-01-01,1944-01-29,393
U-1051,VIIC,1944-01-01,1945-01-26,391
U-301,VIIC,1942-01-01,1943-01-21,385
U-2515,XXI,1944-01-01,1945-01-17,382
U-2523,XXI,1944-01-01,1945-01-17,382
U-544,IXC/40,1943-01-01,1944-01-16,380
U-577,VIIC,1941-01-01,1942-01-15,379
U-224,VIIC,1942-01-01,1943-01-13,377
U-374,VIIC,1941-01-01,1942-01-12,376
U-1020,VIIC/41,1944-01-01,1945-01-09,374
U-426,VIIC,1943-01-01,1944-01-08,372
U-337,VIIC,1942-01-01,1943-01-03,367
U-512,IXC,1941-01-01,1942-01-02,366
U-2342,XXIII,1944-01-01,1944-12-26,360
U-357,VIIC,1942-01-01,1942-12-26,359
U-79,VIIC,1941-01-01,1941-12-23,356
U-284,VIIC,1943-01-01,1943-12-21,354
U-451,VIIC,1941-01-01,1941-12-21,354
U-567,VIIC,1941-01-01,1941-12-21,354
U-574,VIIC,1941-01-01,1941-12-19,352
U-1209,VIIC,1944-01-01,1944-12-18,352
U-434,VIIC,1941-01-01,1941-12-18,351
U-131,IXC,1941-01-01,1941-12-17,350
U-400,VIIC,1944-01-01,1944-12-15,349
U-127,IXC,1941-01-01,1941-12-15,348
U-972,VIIC,1943-01-01,1943-12-15,348
U-626,VIIC,1942-01-01,1942-12-14,347
U-345,VIIC,1943-01-01,1943-12-13,346
U-391,VIIC,1943-01-01,1943-12-13,346
U-611,VIIC,1942-01-01,1942-12-08,341
U-208,VIIC,1941-01-01,1941-12-07,340
U-104,IXB,1940-01-01,1940-11-28,332
U-206,VIIC,1941-01-01,1941-11-29,332
U-542,IXC/40,1943-01-01,1943-11-28,331
U-184,IXC/40,1942-01-01,1942-11-21,324
U-768,VIIC,1943-01-01,1943-11-20,323
U-718,VIIC,1943-01-01,1943-11-18,321
U-280,VIIC,1943-01-01,1943-11-16,319
U-433,VIIC,1941-01-01,1941-11-16,319
U-583,VIIC,1941-01-01,1941-11-15,318
U-272,VIIC,1942-01-01,1942-11-12,315
U-580,VIIC,1941-01-01,1941-11-11,314
U-966,VIIC,1943-01-01,1943-11-10,313
U-520,IXC,1942-01-01,1942-10-30,302
U-282,VIIC,1943-01-01,1943-10-29,301
U-220,XB,1943-01-01,1943-10-28,300
U-627,VIIC,1942-01-01,1942-10-27,299
U-204,VIIC,1941-01-01,1941-10-19,291
U-777,VIIC,1944-01-01,1944-10-15,288
U-42,IXA,1939-01-01,1939-10-13,285
U-2331,XXIII,1944-01-01,1944-10-10,283
U-619,VIIC,1942-01-01,1942-10-05,277
U-346,VIIC,1943-01-01,1943-09-20,262
U-1054,VIIC,1944-01-01,1944-09-16,259
U-261,VIIC,1942-01-01,1942-09-15,257
U-207,VIIC,1941-01-01,1941-09-11,253
U-501,IXC,1941-01-01,1941-09-10,252
U-983,VIIC,1943-01-01,1943-09-08,250
U-222,VIIC,1942-01-01,1942-09-02,244
U-756,VIIC,1941-01-01,1941-09-01,243
U-570,VIIC,1941-01-01,1941-08-27,238
U-452,VIIC,1941-01-01,1941-08-25,236
U-2323,XXIII,1944-01-01,1944-07-26,207
U-102,VIIB,1940-01-01,1940-07-01,182
U-2361,XXIII,1945-01-01,1945-05-09,128
U-2363,XXIII,1945-01-01,1945-05-09,128
U-3035,XXI,1945-01-01,1945-05-09,128
U-3041,XXI,1945-01-01,1945-05-09,128
U-4706,XXIII,1945-01-01,1945-05-09,128
U-2365,XXIII,1945-01-01,1945-05-08,127
U-2538,XXI,1945-01-01,1945-05-08,127
U-1406,XVIIB,1945-01-01,1945-05-05,124
U-1407,XVIIB,1945-01-01,1945-05-05,124
U-2362,XXIII,1945-01-01,1945-05-05,124
U-2364,XXIII,1945-01-01,1945-05-05,124
U-2366,XXIII,1945-01-01,1945-05-05,124
U-2367,XXIII,1945-01-01,1945-05-05,124
U-2368,XXIII,1945-01-01,1945-05-05,124
U-2369,XXIII,1945-01-01,1945-05-05,124
U-2541,XXI,1945-01-01,1945-05-05,124
U-2544,XXI,1945-01-01,1945-05-05,124
U-2551,XXI,1945-01-01,1945-05-05,124
U-3044,XXI,1945-01-01,1945-05-05,124
U-3527,XXI,1945-01-01,1945-05-05,124
U-3528,XXI,1945-01-01,1945-05-05,124
U-3529,XXI,1945-01-01,1945-05-05,124
U-4703,XXIII,1945-01-01,1945-05-05,124
U-4704,XXIII,1945-01-01,1945-05-05,124
U-4707,XXIII,1945-01-01,1945-05-05,124
U-4710,XXIII,1945-01-01,1945-05-05,124
U-2540,XXI,1945-01-01,1945-05-04,123
U-3033,XXI,1945-01-01,1945-05-04,123
U-3034,XXI,1945-01-01,1945-05-04,123
U-4709,XXIII,1945-01-01,1945-05-04,123
U-4711,XXIII,1945-01-01,1945-05-04,123
U-2371,XXIII,1945-01-01,1945-05-03,122
U-2539,XXI,1945-01-01,1945-05-03,122
U-2542,XXI,1945-01-01,1945-05-03,122
U-2543,XXI,1945-01-01,1945-05-03,122
U-2545,XXI,1945-01-01,1945-05-03,122
U-2546,XXI,1945-01-01,1945-05-03,122
U-2548,XXI,1945-01-01,1945-05-03,122
U-2552,XXI,1945-01-01,1945-05-03,122
U-3031,XXI,1945-01-01,1945-05-03,122
U-3032,XXI,1945-01-01,1945-05-03,122
U-3037,XXI,1945-01-01,1945-05-03,122
U-3038,XXI,1945-01-01,1945-05-03,122
U-3039,XXI,1945-01-01,1945-05-03,122
U-3040,XXI,1945-01-01,1945-05-03,122
U-3530,XXI,1945-01-01,1945-05-03,122
U-4705,XXIII,1945-01-01,1945-05-03,122
U-4712,XXIII,1945-01-01,1945-05-03,122
U-1013,VIIC/41,1944-01-01,1944-03-17,76
